"0","list.of.packages <- c(""phyloseq"", ""tidyverse"", ""phylosmith"")"
"0","new.packages <- list.of.packages[!(list.of.packages %in% installed.packages()[,""Package""])]"
"0","if(length(new.packages)) install.packages(new.packages)"
"0",""
"0","rm(list.of.packages)"
"0","rm(new.packages)"
"0",""
"0","library(phyloseq)"
"2","Registered S3 method overwritten by 'data.table':
  method           from
  print.data.table     
"
"2","Registered S3 methods overwritten by 'ggplot2':
  method         from 
  [.quosures     rlang
  c.quosures     rlang
  print.quosures rlang
"
"2","Registered S3 method overwritten by 'dplyr':
  method           from
  print.rowwise_df     
"
"0","library(tidyverse)"
"2","[37mâ”€â”€ [1mAttaching packages[22m â”€â”€â”€â”€â”€â”€â”€â”€â”€â”€â”€â”€â”€â”€â”€â”€â”€â”€â”€â”€â”€â”€â”€â”€â”€â”€â”€â”€â”€â”€â”€â”€â”€â”€â”€â”€â”€â”€â”€â”€â”€â”€â”€â”€â”€â”€â”€â”€â”€â”€â”€â”€â”€â”€â”€â”€â”€â”€â”€â”€â”€â”€â”€â”€â”€â”€â”€â”€â”€â”€â”€â”€â”€â”€â”€â”€â”€â”€â”€â”€â”€â”€â”€â”€â”€â”€â”€â”€â”€â”€â”€â”€â”€â”€â”€â”€â”€â”€â”€â”€â”€â”€ tidyverse 1.2.1 â”€â”€[39m
"
"2","[37m[32mâœ”[37m [34mggplot2[37m 3.1.1     [32mâœ”[37m [34mpurrr  [37m 0.3.2
[32mâœ”[37m [34mtibble [37m 2.1.1     [32mâœ”[37m [34mdplyr  [37m 0.8.1
[32mâœ”[37m [34mtidyr  [37m 0.8.3     [32mâœ”[37m [34mstringr[37m 1.4.0
[32mâœ”[37m [34mreadr  [37m 1.3.1     [32mâœ”[37m [34mforcats[37m 0.4.0[39m
"
"2","[37mâ”€â”€ [1mConflicts[22m â”€â”€â”€â”€â”€â”€â”€â”€â”€â”€â”€â”€â”€â”€â”€â”€â”€â”€â”€â”€â”€â”€â”€â”€â”€â”€â”€â”€â”€â”€â”€â”€â”€â”€â”€â”€â”€â”€â”€â”€â”€â”€â”€â”€â”€â”€â”€â”€â”€â”€â”€â”€â”€â”€â”€â”€â”€â”€â”€â”€â”€â”€â”€â”€â”€â”€â”€â”€â”€â”€â”€â”€â”€â”€â”€â”€â”€â”€â”€â”€â”€â”€â”€â”€â”€â”€â”€â”€â”€â”€â”€â”€â”€â”€â”€â”€â”€â”€â”€â”€â”€â”€â”€â”€â”€ tidyverse_conflicts() â”€â”€
[31mâœ–[37m [34mdplyr[37m::[32mfilter()[37m masks [34mstats[37m::filter()
[31mâœ–[37m [34mdplyr[37m::[32mlag()[37m    masks [34mstats[37m::lag()[39m
"
"0","library(phylosmith)"
"0",""
"0","phy <- readRDS(""../data/usda.RDS"")"
"0","taxa_names(phy) <- paste0('ASV_', seq_along(taxa_names(phy))) #this renames the ""OTU"" to ASV1....ASV1000..."
"0","sample_data(phy) <- read.delim(sep=""\t"", file=""../data/meta.txt"", row.names=1, header=TRUE)"
"0","colnames(sample_data(phy)) <- c(""PI"", ""source"", ""date"", ""concentration"")"
"0",""
"0","worle <- subset_samples(phy, PI == ""Jared"")"
"0","worle"
"1","phyloseq-class experiment-level object"
"1","
"
"1","otu_table()   OTU Table:         [ 78712 taxa and 862 samples ]"
"1","
"
"1","sample_data() Sample Data:       [ 862 samples by 4 sample variables ]"
"1","
"
"1","tax_table()   Taxonomy Table:    [ 78712 taxa by 6 taxonomic ranks ]"
"1","
"
"0","rm(phy)"
"0",""
"0","sample_names(worle)"
"1","  [1]"
"1"," ""Comp-from-P8-7-10-26-17"""
"1"," ""P1-1""                   "
"1"," ""P1-3""                   "
"1"," ""P1-5""                   "
"1"," ""P1-s1-d1-b""             "
"1","
"
"1","  [6]"
"1"," ""P1-s1-d1-t0""            "
"1"," ""P1-s1-d1-t14""           "
"1"," ""P1-s1-d1-t2""            "
"1"," ""P1-s1-d1-t2-2""          "
"1"," ""P1-s1-d1-t21""           "
"1","
"
"1"," [11]"
"1"," ""P1-s1-d1-t42""           "
"1"," ""P1-s1-d2-b""             "
"1"," ""P1-s1-d2-t0""            "
"1"," ""P1-s1-d2-t14""           "
"1"," ""P1-s1-d2-t21""           "
"1","
"
"1"," [16]"
"1"," ""P1-s1-d2-t42""           "
"1"," ""P1-s2-d1-b""             "
"1"," ""P1-s2-d1-t0""            "
"1"," ""P1-s2-d1-t14""           "
"1"," ""P1-s2-d1-t2""            "
"1","
"
"1"," [21]"
"1"," ""P1-s2-d1-t2-2""          "
"1"," ""P1-s2-d1-t21""           "
"1"," ""P1-s2-d2-b""             "
"1"," ""P1-s2-d2-t0""            "
"1"," ""P1-s2-d2-t14""           "
"1","
"
"1"," [26]"
"1"," ""P1-s2-d2-t21""           "
"1"," ""P1-s2-d2-t42""           "
"1"," ""P1-s3-d1-b""             "
"1"," ""P1-s3-d1-t0""            "
"1"," ""P1-s3-d1-t14""           "
"1","
"
"1"," [31]"
"1"," ""P1-s3-d1-t2""            "
"1"," ""P1-s3-d1-t2-2""          "
"1"," ""P1-s3-d1-t21""           "
"1"," ""P1-s3-d1-t42""           "
"1"," ""P1-s3-d2-b""             "
"1","
"
"1"," [36]"
"1"," ""P1-s3-d2-t0""            "
"1"," ""P1-s3-d2-t14""           "
"1"," ""P1-s3-d2-t21""           "
"1"," ""P1-s3-d2-t42""           "
"1"," ""P1-s4-d1-b""             "
"1","
"
"1"," [41]"
"1"," ""P1-s4-d1-t0""            "
"1"," ""P1-s4-d1-t14""           "
"1"," ""P1-s4-d1-t2""            "
"1"," ""P1-s4-d1-t2-2""          "
"1"," ""P1-s4-d1-t21""           "
"1","
"
"1"," [46]"
"1"," ""P1-s4-d1-t42""           "
"1"," ""P1-s4-d2-b""             "
"1"," ""P1-s4-d2-t0""            "
"1"," ""P1-s4-d2-t14""           "
"1"," ""P1-s4-d2-t21""           "
"1","
"
"1"," [51]"
"1"," ""P1-s4-d2-t42""           "
"1"," ""P1-s5-d1-b""             "
"1"," ""P1-s5-d1-t0""            "
"1"," ""P1-s5-d1-t14""           "
"1"," ""P1-s5-d1-t2""            "
"1","
"
"1"," [56]"
"1"," ""P1-s5-d1-t21""           "
"1"," ""P1-s5-d1-t42""           "
"1"," ""P1-s5-d2-b""             "
"1"," ""P1-s5-d2-t0""            "
"1"," ""P1-s5-d2-t14""           "
"1","
"
"1"," [61]"
"1"," ""P1-s5-d2-t2""            "
"1"," ""P1-s5-d2-t21""           "
"1"," ""P1-s5-d2-t42""           "
"1"," ""P1-s6-d1-b""             "
"1"," ""P1-s6-d1-t0""            "
"1","
"
"1"," [66]"
"1"," ""P1-s6-d1-t14""           "
"1"," ""P1-s6-d1-t2""            "
"1"," ""P1-s6-d1-t21""           "
"1"," ""P1-s6-d1-t42""           "
"1"," ""P1-s6-d2-b""             "
"1","
"
"1"," [71]"
"1"," ""P1-s6-d2-t0""            "
"1"," ""P1-s6-d2-t14""           "
"1"," ""P1-s6-d2-t2""            "
"1"," ""P1-s6-d2-t21""           "
"1"," ""P1-s6-d2-t42""           "
"1","
"
"1"," [76]"
"1"," ""P1-s7-d1-b""             "
"1"," ""P1-s7-d1-t0""            "
"1"," ""P1-s7-d1-t14""           "
"1"," ""P1-s7-d1-t2""            "
"1"," ""P1-s7-d1-t42""           "
"1","
"
"1"," [81]"
"1"," ""P1-s7-d2-b""             "
"1"," ""P1-s7-d2-t0""            "
"1"," ""P1-s7-d2-t14""           "
"1"," ""P1-s7-d2-t2""            "
"1"," ""P1-s7-d2-t21""           "
"1","
"
"1"," [86]"
"1"," ""P1-s7-d2-t42""           "
"1"," ""P1-s8-d1-b""             "
"1"," ""P1-s8-d1-t0""            "
"1"," ""P1-s8-d1-t14""           "
"1"," ""P1-s8-d1-t2""            "
"1","
"
"1"," [91]"
"1"," ""P1-s8-d1-t21""           "
"1"," ""P1-s8-d1-t42""           "
"1"," ""P1-s8-d2-b""             "
"1"," ""P1-s8-d2-t0""            "
"1"," ""P1-s8-d2-t14""           "
"1","
"
"1"," [96]"
"1"," ""P1-s8-d2-t2""            "
"1"," ""P1-s8-d2-t21""           "
"1"," ""P1-s8-d2-t42""           "
"1"," ""P1-s9-d1-b""             "
"1"," ""P1-s9-d1-t0""            "
"1","
"
"1","[101]"
"1"," ""P1-s9-d1-t14""           "
"1"," ""P1-s9-d1-t2""            "
"1"," ""P1-s9-d1-t21""           "
"1"," ""P1-s9-d1-t42""           "
"1"," ""P1-s9-d2-b""             "
"1","
"
"1","[106]"
"1"," ""P1-s9-d2-t0""            "
"1"," ""P1-s9-d2-t14""           "
"1"," ""P1-s9-d2-t2""            "
"1"," ""P1-s9-d2-t21""           "
"1"," ""P1-s9-d2-t42""           "
"1","
"
"1","[111]"
"1"," ""P2-1""                   "
"1"," ""P2-2""                   "
"1"," ""P2-3""                   "
"1"," ""P2-4""                   "
"1"," ""P2-5""                   "
"1","
"
"1","[116]"
"1"," ""P2-6""                   "
"1"," ""P2-s1-d1-b""             "
"1"," ""P2-s1-d1-t0""            "
"1"," ""P2-s1-d1-t14""           "
"1"," ""P2-s1-d1-t2""            "
"1","
"
"1","[121]"
"1"," ""P2-s1-d1-t21""           "
"1"," ""P2-s1-d1-t42""           "
"1"," ""P2-s1-d2-b""             "
"1"," ""P2-s1-d2-t0""            "
"1"," ""P2-s1-d2-t14""           "
"1","
"
"1","[126]"
"1"," ""P2-s1-d2-t2""            "
"1"," ""P2-s1-d2-t21""           "
"1"," ""P2-s1-d2-t42""           "
"1"," ""P2-s2-d1-b""             "
"1"," ""P2-s2-d1-t0""            "
"1","
"
"1","[131]"
"1"," ""P2-s2-d1-t14""           "
"1"," ""P2-s2-d1-t2""            "
"1"," ""P2-s2-d1-t21""           "
"1"," ""P2-s2-d1-t42""           "
"1"," ""P2-s2-d2-b""             "
"1","
"
"1","[136]"
"1"," ""P2-s2-d2-t0""            "
"1"," ""P2-s2-d2-t14""           "
"1"," ""P2-s2-d2-t2""            "
"1"," ""P2-s2-d2-t21""           "
"1"," ""P2-s2-d2-t42""           "
"1","
"
"1","[141]"
"1"," ""P2-s3-d1-b""             "
"1"," ""P2-s3-d1-t0""            "
"1"," ""P2-s3-d1-t14""           "
"1"," ""P2-s3-d1-t2""            "
"1"," ""P2-s3-d1-t21""           "
"1","
"
"1","[146]"
"1"," ""P2-s3-d2-b""             "
"1"," ""P2-s3-d2-t0""            "
"1"," ""P2-s3-d2-t14""           "
"1"," ""P2-s3-d2-t2""            "
"1"," ""P2-s3-d2-t21""           "
"1","
"
"1","[151]"
"1"," ""P2-s3-d2-t42""           "
"1"," ""P2-s4-d1-b""             "
"1"," ""P2-s4-d1-t0""            "
"1"," ""P2-s4-d1-t14""           "
"1"," ""P2-s4-d1-t2""            "
"1","
"
"1","[156]"
"1"," ""P2-s4-d1-t21""           "
"1"," ""P2-s4-d1-t42""           "
"1"," ""P2-s4-d2-b""             "
"1"," ""P2-s4-d2-t0""            "
"1"," ""P2-s4-d2-t14""           "
"1","
"
"1","[161]"
"1"," ""P2-s4-d2-t2""            "
"1"," ""P2-s4-d2-t21""           "
"1"," ""P2-s4-d2-t42""           "
"1"," ""P2-s5-d1-b""             "
"1"," ""P2-s5-d1-t0""            "
"1","
"
"1","[166]"
"1"," ""P2-s5-d1-t14""           "
"1"," ""P2-s5-d1-t2""            "
"1"," ""P2-s5-d1-t21""           "
"1"," ""P2-s5-d1-t42""           "
"1"," ""P2-s5-d2-b""             "
"1","
"
"1","[171]"
"1"," ""P2-s5-d2-t0""            "
"1"," ""P2-s5-d2-t14""           "
"1"," ""P2-s5-d2-t2""            "
"1"," ""P2-s5-d2-t21""           "
"1"," ""P2-s5-d2-t42""           "
"1","
"
"1","[176]"
"1"," ""P2-s6-d1-b""             "
"1"," ""P2-s6-d1-t0""            "
"1"," ""P2-s6-d1-t14""           "
"1"," ""P2-s6-d1-t2""            "
"1"," ""P2-s6-d1-t21""           "
"1","
"
"1","[181]"
"1"," ""P2-s6-d1-t42""           "
"1"," ""P2-s6-d2-b""             "
"1"," ""P2-s6-d2-t0""            "
"1"," ""P2-s6-d2-t14""           "
"1"," ""P2-s6-d2-t2""            "
"1","
"
"1","[186]"
"1"," ""P2-s6-d2-t21""           "
"1"," ""P2-s6-d2-t42""           "
"1"," ""P2-s7-d1-b""             "
"1"," ""P2-s7-d1-t0""            "
"1"," ""P2-s7-d1-t14""           "
"1","
"
"1","[191]"
"1"," ""P2-s7-d1-t2""            "
"1"," ""P2-s7-d1-t21""           "
"1"," ""P2-s7-d1-t42""           "
"1"," ""P2-s7-d2-b""             "
"1"," ""P2-s7-d2-t0""            "
"1","
"
"1","[196]"
"1"," ""P2-s7-d2-t14""           "
"1"," ""P2-s7-d2-t2""            "
"1"," ""P2-s7-d2-t21""           "
"1"," ""P2-s7-d2-t42""           "
"1"," ""P2-s8-d1-b""             "
"1","
"
"1","[201]"
"1"," ""P2-s8-d1-t0""            "
"1"," ""P2-s8-d1-t14""           "
"1"," ""P2-s8-d1-t2""            "
"1"," ""P2-s8-d1-t21""           "
"1"," ""P2-s8-d1-t42""           "
"1","
"
"1","[206]"
"1"," ""P2-s8-d2-b""             "
"1"," ""P2-s8-d2-t0""            "
"1"," ""P2-s8-d2-t14""           "
"1"," ""P2-s8-d2-t2""            "
"1"," ""P2-s8-d2-t21""           "
"1","
"
"1","[211]"
"1"," ""P2-s8-d2-t42""           "
"1"," ""P2-s9-d1-b""             "
"1"," ""P2-s9-d1-t0""            "
"1"," ""P2-s9-d1-t14""           "
"1"," ""P2-s9-d1-t2""            "
"1","
"
"1","[216]"
"1"," ""P2-s9-d1-t21""           "
"1"," ""P2-s9-d2-b""             "
"1"," ""P2-s9-d2-t0""            "
"1"," ""P2-s9-d2-t14""           "
"1"," ""P2-s9-d2-t2""            "
"1","
"
"1","[221]"
"1"," ""P2-s9-d2-t21""           "
"1"," ""P2-s9-d2-t42""           "
"1"," ""P3-1""                   "
"1"," ""P3-2""                   "
"1"," ""P3-3""                   "
"1","
"
"1","[226]"
"1"," ""P3-4""                   "
"1"," ""P3-5""                   "
"1"," ""P3-6""                   "
"1"," ""P3-s1-d1-b""             "
"1"," ""P3-s1-d1-t0""            "
"1","
"
"1","[231]"
"1"," ""P3-s1-d1-t14""           "
"1"," ""P3-s1-d1-t21""           "
"1"," ""P3-s1-d1-t42""           "
"1"," ""P3-s1-d2-b""             "
"1"," ""P3-s1-d2-t0""            "
"1","
"
"1","[236]"
"1"," ""P3-s1-d2-t14""           "
"1"," ""P3-s1-d2-t2""            "
"1"," ""P3-s1-d2-t21""           "
"1"," ""P3-s1-d2-t42""           "
"1"," ""P3-s2-d1-b""             "
"1","
"
"1","[241]"
"1"," ""P3-s2-d1-t0""            "
"1"," ""P3-s2-d1-t14""           "
"1"," ""P3-s2-d1-t2""            "
"1"," ""P3-s2-d1-t21""           "
"1"," ""P3-s2-d1-t42""           "
"1","
"
"1","[246]"
"1"," ""P3-s2-d2-b""             "
"1"," ""P3-s2-d2-t0""            "
"1"," ""P3-s2-d2-t14""           "
"1"," ""P3-s2-d2-t2""            "
"1"," ""P3-s2-d2-t21""           "
"1","
"
"1","[251]"
"1"," ""P3-s2-d2-t42""           "
"1"," ""P3-s3-d1-b""             "
"1"," ""P3-s3-d1-t0""            "
"1"," ""P3-s3-d1-t14""           "
"1"," ""P3-s3-d1-t2""            "
"1","
"
"1","[256]"
"1"," ""P3-s3-d1-t21""           "
"1"," ""P3-s3-d1-t42""           "
"1"," ""P3-s3-d2-b""             "
"1"," ""P3-s3-d2-t0""            "
"1"," ""P3-s3-d2-t14""           "
"1","
"
"1","[261]"
"1"," ""P3-s3-d2-t2""            "
"1"," ""P3-s3-d2-t21""           "
"1"," ""P3-s3-d2-t42""           "
"1"," ""P3-s4-d1-b""             "
"1"," ""P3-s4-d1-t0""            "
"1","
"
"1","[266]"
"1"," ""P3-s4-d1-t14""           "
"1"," ""P3-s4-d1-t2""            "
"1"," ""P3-s4-d1-t21""           "
"1"," ""P3-s4-d1-t42""           "
"1"," ""P3-s4-d2-b""             "
"1","
"
"1","[271]"
"1"," ""P3-s4-d2-t0""            "
"1"," ""P3-s4-d2-t14""           "
"1"," ""P3-s4-d2-t2""            "
"1"," ""P3-s4-d2-t21""           "
"1"," ""P3-s4-d2-t42""           "
"1","
"
"1","[276]"
"1"," ""P3-s5-d1-b""             "
"1"," ""P3-s5-d1-t0""            "
"1"," ""P3-s5-d1-t14""           "
"1"," ""P3-s5-d1-t2""            "
"1"," ""P3-s5-d1-t21""           "
"1","
"
"1","[281]"
"1"," ""P3-s5-d1-t42""           "
"1"," ""P3-s5-d2-b""             "
"1"," ""P3-s5-d2-t0""            "
"1"," ""P3-s5-d2-t2""            "
"1"," ""P3-s5-d2-t21""           "
"1","
"
"1","[286]"
"1"," ""P3-s5-d2-t42""           "
"1"," ""P3-s6-d1-b""             "
"1"," ""P3-s6-d1-t0""            "
"1"," ""P3-s6-d1-t14""           "
"1"," ""P3-s6-d1-t2""            "
"1","
"
"1","[291]"
"1"," ""P3-s6-d1-t21""           "
"1"," ""P3-s6-d1-t42""           "
"1"," ""P3-s6-d2-b""             "
"1"," ""P3-s6-d2-t0""            "
"1"," ""P3-s6-d2-t14""           "
"1","
"
"1","[296]"
"1"," ""P3-s6-d2-t2""            "
"1"," ""P3-s6-d2-t21""           "
"1"," ""P3-s6-d2-t42""           "
"1"," ""P3-s7-d1-b""             "
"1"," ""P3-s7-d1-t0""            "
"1","
"
"1","[301]"
"1"," ""P3-s7-d1-t14""           "
"1"," ""P3-s7-d1-t2""            "
"1"," ""P3-s7-d1-t21""           "
"1"," ""P3-s7-d1-t42""           "
"1"," ""P3-s7-d2-b""             "
"1","
"
"1","[306]"
"1"," ""P3-s7-d2-t0""            "
"1"," ""P3-s7-d2-t14""           "
"1"," ""P3-s7-d2-t2""            "
"1"," ""P3-s7-d2-t21""           "
"1"," ""P3-s7-d2-t42""           "
"1","
"
"1","[311]"
"1"," ""P3-s8-d1-b""             "
"1"," ""P3-s8-d1-t0""            "
"1"," ""P3-s8-d1-t14""           "
"1"," ""P3-s8-d1-t2""            "
"1"," ""P3-s8-d1-t21""           "
"1","
"
"1","[316]"
"1"," ""P3-s8-d2-b""             "
"1"," ""P3-s8-d2-t0""            "
"1"," ""P3-s8-d2-t14""           "
"1"," ""P3-s8-d2-t2""            "
"1"," ""P3-s8-d2-t21""           "
"1","
"
"1","[321]"
"1"," ""P3-s8-d2-t42""           "
"1"," ""P3-s9-d1-b""             "
"1"," ""P3-s9-d1-t0""            "
"1"," ""P3-s9-d1-t14""           "
"1"," ""P3-s9-d1-t2""            "
"1","
"
"1","[326]"
"1"," ""P3-s9-d1-t21""           "
"1"," ""P3-s9-d1-t42""           "
"1"," ""P3-s9-d2-b""             "
"1"," ""P3-s9-d2-t0""            "
"1"," ""P3-s9-d2-t14""           "
"1","
"
"1","[331]"
"1"," ""P3-s9-d2-t2""            "
"1"," ""P3-s9-d2-t21""           "
"1"," ""P3-s9-d2-t42""           "
"1"," ""P4-1""                   "
"1"," ""P4-2""                   "
"1","
"
"1","[336]"
"1"," ""P4-3""                   "
"1"," ""P4-4""                   "
"1"," ""P4-5""                   "
"1"," ""P4-6""                   "
"1"," ""P4-s1-d1-b""             "
"1","
"
"1","[341]"
"1"," ""P4-s1-d1-t0""            "
"1"," ""P4-s1-d1-t2""            "
"1"," ""P4-s1-d1-t21""           "
"1"," ""P4-s1-d1-t42""           "
"1"," ""P4-s1-d2-b""             "
"1","
"
"1","[346]"
"1"," ""P4-s1-d2-t0""            "
"1"," ""P4-s1-d2-t14""           "
"1"," ""P4-s1-d2-t2""            "
"1"," ""P4-s1-d2-t21""           "
"1"," ""P4-s1-d2-t42""           "
"1","
"
"1","[351]"
"1"," ""P4-s2-d1-b""             "
"1"," ""P4-s2-d1-t0""            "
"1"," ""P4-s2-d1-t14""           "
"1"," ""P4-s2-d1-t2""            "
"1"," ""P4-s2-d1-t21""           "
"1","
"
"1","[356]"
"1"," ""P4-s2-d1-t42""           "
"1"," ""P4-s2-d2-b""             "
"1"," ""P4-s2-d2-t0""            "
"1"," ""P4-s2-d2-t14""           "
"1"," ""P4-s2-d2-t2""            "
"1","
"
"1","[361]"
"1"," ""P4-s2-d2-t21""           "
"1"," ""P4-s2-d2-t42""           "
"1"," ""P4-s3-d1-b""             "
"1"," ""P4-s3-d1-t0""            "
"1"," ""P4-s3-d1-t14""           "
"1","
"
"1","[366]"
"1"," ""P4-s3-d1-t2""            "
"1"," ""P4-s3-d1-t21""           "
"1"," ""P4-s3-d1-t42""           "
"1"," ""P4-s3-d2-b""             "
"1"," ""P4-s3-d2-t0""            "
"1","
"
"1","[371]"
"1"," ""P4-s3-d2-t14""           "
"1"," ""P4-s3-d2-t2""            "
"1"," ""P4-s3-d2-t21""           "
"1"," ""P4-s3-d2-t42""           "
"1"," ""P4-s4-d1-b""             "
"1","
"
"1","[376]"
"1"," ""P4-s4-d1-t0""            "
"1"," ""P4-s4-d1-t2""            "
"1"," ""P4-s4-d1-t21""           "
"1"," ""P4-s4-d1-t42""           "
"1"," ""P4-s4-d2-b""             "
"1","
"
"1","[381]"
"1"," ""P4-s4-d2-t0""            "
"1"," ""P4-s4-d2-t14""           "
"1"," ""P4-s4-d2-t2""            "
"1"," ""P4-s4-d2-t21""           "
"1"," ""P4-s4-d2-t42""           "
"1","
"
"1","[386]"
"1"," ""P4-s5-d1-b""             "
"1"," ""P4-s5-d1-t0""            "
"1"," ""P4-s5-d1-t14""           "
"1"," ""P4-s5-d1-t2""            "
"1"," ""P4-s5-d1-t21""           "
"1","
"
"1","[391]"
"1"," ""P4-s5-d1-t42""           "
"1"," ""P4-s5-d2-b""             "
"1"," ""P4-s5-d2-t0""            "
"1"," ""P4-s5-d2-t14""           "
"1"," ""P4-s5-d2-t2""            "
"1","
"
"1","[396]"
"1"," ""P4-s5-d2-t21""           "
"1"," ""P4-s5-d2-t42""           "
"1"," ""P4-s6-d1-b""             "
"1"," ""P4-s6-d1-t0""            "
"1"," ""P4-s6-d1-t14""           "
"1","
"
"1","[401]"
"1"," ""P4-S6-d1-t2""            "
"1"," ""P4-s6-d1-t21""           "
"1"," ""P4-s6-d1-t42""           "
"1"," ""P4-s6-d2-t0""            "
"1"," ""P4-s6-d2-t14""           "
"1","
"
"1","[406]"
"1"," ""P4-s6-d2-t2""            "
"1"," ""P4-s6-d2-t21""           "
"1"," ""P4-s6-d2-t42""           "
"1"," ""P4-s7-d1-b""             "
"1"," ""P4-s7-d1-t0""            "
"1","
"
"1","[411]"
"1"," ""P4-s7-d1-t14""           "
"1"," ""P4-s7-d1-t2""            "
"1"," ""P4-s7-d1-t21""           "
"1"," ""P4-s7-d1-t42""           "
"1"," ""P4-s7-d2-b""             "
"1","
"
"1","[416]"
"1"," ""P4-s7-d2-t0""            "
"1"," ""P4-s7-d2-t14""           "
"1"," ""P4-s7-d2-t2""            "
"1"," ""P4-s7-d2-t21""           "
"1"," ""P4-s7-d2-t42""           "
"1","
"
"1","[421]"
"1"," ""P4-s8-d1-b""             "
"1"," ""P4-s8-d1-t0""            "
"1"," ""P4-s8-d1-t14""           "
"1"," ""P4-s8-d1-t2""            "
"1"," ""P4-s8-d1-t21""           "
"1","
"
"1","[426]"
"1"," ""P4-s8-d1-t42""           "
"1"," ""P4-s8-d2-b""             "
"1"," ""P4-s8-d2-t0""            "
"1"," ""P4-s8-d2-t14""           "
"1"," ""P4-s8-d2-t2""            "
"1","
"
"1","[431]"
"1"," ""P4-s8-d2-t21""           "
"1"," ""P4-s8-d2-t42""           "
"1"," ""P4-s9-d1-b""             "
"1"," ""P4-s9-d1-t0""            "
"1"," ""P4-s9-d1-t14""           "
"1","
"
"1","[436]"
"1"," ""P4-s9-d1-t2""            "
"1"," ""P4-s9-d1-t21""           "
"1"," ""P4-s9-d1-t42""           "
"1"," ""P4-s9-d2-b""             "
"1"," ""P4-s9-d2-t0""            "
"1","
"
"1","[441]"
"1"," ""P4-s9-d2-t14""           "
"1"," ""P4-s9-d2-t2""            "
"1"," ""P4-s9-d2-t21""           "
"1"," ""P4-s9-d2-t42""           "
"1"," ""P5-1""                   "
"1","
"
"1","[446]"
"1"," ""P5-2""                   "
"1"," ""P5-3""                   "
"1"," ""P5-4""                   "
"1"," ""P5-5""                   "
"1"," ""P5-6""                   "
"1","
"
"1","[451]"
"1"," ""P5-s1-d1-b""             "
"1"," ""P5-s1-d1-t0""            "
"1"," ""P5-s1-d1-t14""           "
"1"," ""P5-s1-d1-t2""            "
"1"," ""P5-s1-d1-t21""           "
"1","
"
"1","[456]"
"1"," ""P5-s1-d2-b""             "
"1"," ""P5-s1-d2-t0""            "
"1"," ""P5-s1-d2-t14""           "
"1"," ""P5-s1-d2-t2""            "
"1"," ""P5-s1-d2-t21""           "
"1","
"
"1","[461]"
"1"," ""P5-s1-d2-t42""           "
"1"," ""P5-s2-d1-b""             "
"1"," ""P5-s2-d1-t0""            "
"1"," ""P5-s2-d1-t14""           "
"1"," ""P5-s2-d1-t2""            "
"1","
"
"1","[466]"
"1"," ""P5-s2-d1-t21""           "
"1"," ""P5-s2-d1-t42""           "
"1"," ""P5-s2-d2-b""             "
"1"," ""P5-s2-d2-t0""            "
"1"," ""P5-s2-d2-t14""           "
"1","
"
"1","[471]"
"1"," ""P5-s2-d2-t2""            "
"1"," ""P5-s2-d2-t21""           "
"1"," ""P5-s2-d2-t42""           "
"1"," ""P5-s3-d1-b""             "
"1"," ""P5-s3-d1-t0""            "
"1","
"
"1","[476]"
"1"," ""P5-s3-d1-t14""           "
"1"," ""P5-s3-d1-t2""            "
"1"," ""P5-s3-d1-t21""           "
"1"," ""P5-s3-d1-t42""           "
"1"," ""P5-s3-d2-b""             "
"1","
"
"1","[481]"
"1"," ""P5-s3-d2-t0""            "
"1"," ""P5-s3-d2-t14""           "
"1"," ""P5-s3-d2-t2""            "
"1"," ""P5-s3-d2-t21""           "
"1"," ""P5-s3-d2-t42""           "
"1","
"
"1","[486]"
"1"," ""P5-s4-d1-b""             "
"1"," ""P5-s4-d1-t0""            "
"1"," ""P5-s4-d1-t14""           "
"1"," ""P5-s4-d1-t2""            "
"1"," ""P5-s4-d1-t21""           "
"1","
"
"1","[491]"
"1"," ""P5-s4-d1-t42""           "
"1"," ""P5-s4-d2-b""             "
"1"," ""P5-s4-d2-t0""            "
"1"," ""P5-s4-d2-t14""           "
"1"," ""P5-s4-d2-t2""            "
"1","
"
"1","[496]"
"1"," ""P5-s4-d2-t21""           "
"1"," ""P5-s4-d2-t42""           "
"1"," ""P5-s5-d1-b""             "
"1"," ""P5-s5-d1-t0""            "
"1"," ""P5-s5-d1-t14""           "
"1","
"
"1","[501]"
"1"," ""P5-s5-d1-t2""            "
"1"," ""P5-s5-d1-t21""           "
"1"," ""P5-s5-d1-t42""           "
"1"," ""P5-s5-d2-t0""            "
"1"," ""P5-s5-d2-t14""           "
"1","
"
"1","[506]"
"1"," ""P5-s5-d2-t2""            "
"1"," ""P5-s5-d2-t21""           "
"1"," ""P5-s5-d2-t42""           "
"1"," ""P5-s6-d1-b""             "
"1"," ""P5-s6-d1-t0""            "
"1","
"
"1","[511]"
"1"," ""P5-s6-d1-t14""           "
"1"," ""P5-s6-d1-t2""            "
"1"," ""P5-s6-d1-t21""           "
"1"," ""P5-s6-d1-t42""           "
"1"," ""P5-s6-d2-b""             "
"1","
"
"1","[516]"
"1"," ""P5-s6-d2-t0""            "
"1"," ""P5-s6-d2-t14""           "
"1"," ""P5-s6-d2-t2""            "
"1"," ""P5-s6-d2-t21""           "
"1"," ""P5-s6-d2-t42""           "
"1","
"
"1","[521]"
"1"," ""P5-s7-d1-b""             "
"1"," ""P5-s7-d1-t0""            "
"1"," ""P5-s7-d1-t14""           "
"1"," ""P5-s7-d1-t2""            "
"1"," ""P5-s7-d1-t21""           "
"1","
"
"1","[526]"
"1"," ""P5-s7-d2-b""             "
"1"," ""P5-s7-d2-t0""            "
"1"," ""P5-s7-d2-t14""           "
"1"," ""P5-s7-d2-t21""           "
"1"," ""P5-s7-d2-t42""           "
"1","
"
"1","[531]"
"1"," ""P5-s8-d1-b""             "
"1"," ""P5-s8-d1-t0""            "
"1"," ""P5-s8-d1-t14""           "
"1"," ""P5-s8-d1-t2""            "
"1"," ""P5-s8-d1-t21""           "
"1","
"
"1","[536]"
"1"," ""P5-s8-d1-t42""           "
"1"," ""P5-s8-d2-b""             "
"1"," ""P5-s8-d2-t0""            "
"1"," ""P5-s8-d2-t14""           "
"1"," ""P5-s8-d2-t2""            "
"1","
"
"1","[541]"
"1"," ""P5-s8-d2-t21""           "
"1"," ""P5-s8-d2-t42""           "
"1"," ""P5-s9-d1-b""             "
"1"," ""P5-s9-d1-t0""            "
"1"," ""P5-s9-d1-t14""           "
"1","
"
"1","[546]"
"1"," ""P5-s9-d1-t2""            "
"1"," ""P5-s9-d1-t21""           "
"1"," ""P5-s9-d1-t42""           "
"1"," ""P5-s9-d2-b""             "
"1"," ""P5-s9-d2-t0""            "
"1","
"
"1","[551]"
"1"," ""P5-s9-d2-t14""           "
"1"," ""P5-s9-d2-t2""            "
"1"," ""P5-s9-d2-t21""           "
"1"," ""P5-s9-d2-t42""           "
"1"," ""P6-1""                   "
"1","
"
"1","[556]"
"1"," ""P6-2""                   "
"1"," ""P6-3""                   "
"1"," ""P6-4""                   "
"1"," ""P6-5""                   "
"1"," ""P6-6""                   "
"1","
"
"1","[561]"
"1"," ""P6-s1-d1-b""             "
"1"," ""P6-s1-d1-t0""            "
"1"," ""P6-s1-d1-t14""           "
"1"," ""P6-s1-d1-t2""            "
"1"," ""P6-s1-d1-t21""           "
"1","
"
"1","[566]"
"1"," ""P6-s1-d1-t42""           "
"1"," ""P6-s1-d2-b""             "
"1"," ""P6-s1-d2-t0""            "
"1"," ""P6-s1-d2-t14""           "
"1"," ""P6-s1-d2-t2""            "
"1","
"
"1","[571]"
"1"," ""P6-s1-d2-t21""           "
"1"," ""P6-s1-d2-t42""           "
"1"," ""P6-s2-d1-b""             "
"1"," ""P6-s2-d1-t0""            "
"1"," ""P6-s2-d1-t14""           "
"1","
"
"1","[576]"
"1"," ""P6-s2-d1-t2""            "
"1"," ""P6-s2-d1-t21""           "
"1"," ""P6-s2-d1-t42""           "
"1"," ""P6-s2-d2-b""             "
"1"," ""P6-s2-d2-t0""            "
"1","
"
"1","[581]"
"1"," ""P6-s2-d2-t14""           "
"1"," ""P6-s2-d2-t2""            "
"1"," ""P6-s2-d2-t21""           "
"1"," ""P6-s2-d2-t42""           "
"1"," ""P6-s3-d1-b""             "
"1","
"
"1","[586]"
"1"," ""P6-s3-d1-t0""            "
"1"," ""P6-s3-d1-t14""           "
"1"," ""P6-s3-d1-t2""            "
"1"," ""P6-s3-d1-t21""           "
"1"," ""P6-s3-d2-b""             "
"1","
"
"1","[591]"
"1"," ""P6-s3-d2-t0""            "
"1"," ""P6-s3-d2-t14""           "
"1"," ""P6-s3-d2-t2""            "
"1"," ""P6-s3-d2-t21""           "
"1"," ""P6-s3-d2-t42""           "
"1","
"
"1","[596]"
"1"," ""P6-s4-d1-b""             "
"1"," ""P6-s4-d1-t0""            "
"1"," ""P6-s4-d1-t14""           "
"1"," ""P6-s4-d1-t2""            "
"1"," ""P6-s4-d1-t42""           "
"1","
"
"1","[601]"
"1"," ""P6-s4-d2-t0""            "
"1"," ""P6-s4-d2-t14""           "
"1"," ""P6-s4-d2-t2""            "
"1"," ""P6-s4-d2-t21""           "
"1"," ""P6-s4-d2-t42""           "
"1","
"
"1","[606]"
"1"," ""P6-s5-d1-b""             "
"1"," ""P6-s5-d1-t0""            "
"1"," ""P6-s5-d1-t14""           "
"1"," ""P6-s5-d1-t2""            "
"1"," ""P6-s5-d1-t21""           "
"1","
"
"1","[611]"
"1"," ""P6-s5-d1-t42""           "
"1"," ""P6-s5-d2-b""             "
"1"," ""P6-s5-d2-t0""            "
"1"," ""P6-s5-d2-t14""           "
"1"," ""P6-s5-d2-t2""            "
"1","
"
"1","[616]"
"1"," ""P6-s5-d2-t21""           "
"1"," ""P6-s5-d2-t42""           "
"1"," ""P6-s6-d1-b""             "
"1"," ""P6-s6-d1-t0""            "
"1"," ""P6-s6-d1-t14""           "
"1","
"
"1","[621]"
"1"," ""P6-s6-d1-t2""            "
"1"," ""P6-s6-d1-t21""           "
"1"," ""P6-s6-d1-t42""           "
"1"," ""P6-s6-d2-b""             "
"1"," ""P6-s6-d2-t0""            "
"1","
"
"1","[626]"
"1"," ""P6-s6-d2-t14""           "
"1"," ""P6-s6-d2-t2""            "
"1"," ""P6-s6-d2-t21""           "
"1"," ""P6-s6-d2-t42""           "
"1"," ""P6-s7-d1-b""             "
"1","
"
"1","[631]"
"1"," ""P6-s7-d1-t0""            "
"1"," ""P6-s7-d1-t14""           "
"1"," ""P6-s7-d1-t2""            "
"1"," ""P6-s7-d1-t21""           "
"1"," ""P6-s7-d1-t42""           "
"1","
"
"1","[636]"
"1"," ""P6-s7-d2-b""             "
"1"," ""P6-s7-d2-t0""            "
"1"," ""P6-s7-d2-t14""           "
"1"," ""P6-s7-d2-t2""            "
"1"," ""P6-s7-d2-t21""           "
"1","
"
"1","[641]"
"1"," ""P6-s7-d2-t42""           "
"1"," ""P6-s8-d1-b""             "
"1"," ""P6-s8-d1-t0""            "
"1"," ""P6-s8-d1-t14""           "
"1"," ""P6-s8-d1-t2""            "
"1","
"
"1","[646]"
"1"," ""P6-s8-d1-t21""           "
"1"," ""P6-s8-d1-t42""           "
"1"," ""P6-s8-d2-b""             "
"1"," ""P6-s8-d2-t0""            "
"1"," ""P6-s8-d2-t14""           "
"1","
"
"1","[651]"
"1"," ""P6-s8-d2-t2""            "
"1"," ""P6-s8-d2-t21""           "
"1"," ""P6-s8-d2-t42""           "
"1"," ""P6-s9-d1-b""             "
"1"," ""P6-s9-d1-t0""            "
"1","
"
"1","[656]"
"1"," ""P6-s9-d1-t14""           "
"1"," ""P6-s9-d1-t2""            "
"1"," ""P6-s9-d1-t21""           "
"1"," ""P6-s9-d1-t42""           "
"1"," ""P6-s9-d2-b""             "
"1","
"
"1","[661]"
"1"," ""P6-s9-d2-t0""            "
"1"," ""P6-s9-d2-t14""           "
"1"," ""P6-s9-d2-t2""            "
"1"," ""P6-s9-d2-t21""           "
"1"," ""P6-s9-d2-t42""           "
"1","
"
"1","[666]"
"1"," ""P7-1""                   "
"1"," ""P7-2""                   "
"1"," ""P7-3""                   "
"1"," ""P7-4""                   "
"1"," ""P7-5""                   "
"1","
"
"1","[671]"
"1"," ""P7-6""                   "
"1"," ""P7-s1-d1-b""             "
"1"," ""P7-s1-d1-t0""            "
"1"," ""P7-s1-d1-t14""           "
"1"," ""P7-s1-d1-t2""            "
"1","
"
"1","[676]"
"1"," ""P7-s1-d2-b""             "
"1"," ""P7-s1-d2-t0""            "
"1"," ""P7-s1-d2-t14""           "
"1"," ""P7-s1-d2-t2""            "
"1"," ""P7-s1-d2-t21""           "
"1","
"
"1","[681]"
"1"," ""P7-s1-d2-t42""           "
"1"," ""P7-s2-d1-b""             "
"1"," ""P7-s2-d1-t0""            "
"1"," ""P7-s2-d1-t14""           "
"1"," ""P7-s2-d1-t2""            "
"1","
"
"1","[686]"
"1"," ""P7-s2-d1-t21""           "
"1"," ""P7-s2-d1-t42""           "
"1"," ""P7-s2-d2-b""             "
"1"," ""P7-s2-d2-t0""            "
"1"," ""P7-s2-d2-t14""           "
"1","
"
"1","[691]"
"1"," ""P7-s2-d2-t2""            "
"1"," ""P7-s2-d2-t21""           "
"1"," ""P7-s2-d2-t42""           "
"1"," ""P7-s3-d1-b""             "
"1"," ""P7-s3-d1-t0""            "
"1","
"
"1","[696]"
"1"," ""P7-s3-d1-t14""           "
"1"," ""P7-s3-d1-t2""            "
"1"," ""P7-s3-d1-t21""           "
"1"," ""P7-s3-d1-t42""           "
"1"," ""P7-s3-d2-t0""            "
"1","
"
"1","[701]"
"1"," ""P7-s3-d2-t14""           "
"1"," ""P7-s3-d2-t2""            "
"1"," ""P7-s3-d2-t21""           "
"1"," ""P7-s3-d2-t42""           "
"1"," ""P7-s4-d1-b""             "
"1","
"
"1","[706]"
"1"," ""P7-s4-d1-t0""            "
"1"," ""P7-s4-d1-t14""           "
"1"," ""P7-s4-d1-t2""            "
"1"," ""P7-s4-d1-t21""           "
"1"," ""P7-s4-d1-t42""           "
"1","
"
"1","[711]"
"1"," ""P7-s4-d2-b""             "
"1"," ""P7-s4-d2-t0""            "
"1"," ""P7-s4-d2-t14""           "
"1"," ""P7-s4-d2-t2""            "
"1"," ""P7-s4-d2-t21""           "
"1","
"
"1","[716]"
"1"," ""P7-s4-d2-t42""           "
"1"," ""P7-s5-d1-b""             "
"1"," ""P7-s5-d1-t0""            "
"1"," ""P7-s5-d1-t14""           "
"1"," ""P7-s5-d1-t2""            "
"1","
"
"1","[721]"
"1"," ""P7-s5-d1-t21""           "
"1"," ""P7-s5-d1-t42""           "
"1"," ""P7-s5-d2-b""             "
"1"," ""P7-s5-d2-t0""            "
"1"," ""P7-s5-d2-t14""           "
"1","
"
"1","[726]"
"1"," ""P7-s5-d2-t2""            "
"1"," ""P7-s5-d2-t21""           "
"1"," ""P7-s5-d2-t42""           "
"1"," ""P8-1""                   "
"1"," ""P8-2""                   "
"1","
"
"1","[731]"
"1"," ""P8-3""                   "
"1"," ""P8-4""                   "
"1"," ""P8-5""                   "
"1"," ""P8-6""                   "
"1"," ""P8-s1-d1-b""             "
"1","
"
"1","[736]"
"1"," ""P8-s1-d1-t0""            "
"1"," ""P8-s1-d1-t14""           "
"1"," ""P8-s1-d1-t2""            "
"1"," ""P8-s1-d1-t21""           "
"1"," ""P8-s1-d1-t42""           "
"1","
"
"1","[741]"
"1"," ""P8-s1-d2-b""             "
"1"," ""P8-s1-d2-t0""            "
"1"," ""P8-s1-d2-t14""           "
"1"," ""P8-s1-d2-t2""            "
"1"," ""P8-s1-d2-t21""           "
"1","
"
"1","[746]"
"1"," ""P8-s1-d2-t42""           "
"1"," ""P8-s2-d1-b""             "
"1"," ""P8-s2-d1-t0""            "
"1"," ""P8-s2-d1-t14""           "
"1"," ""P8-s2-d1-t2""            "
"1","
"
"1","[751]"
"1"," ""P8-s2-d1-t21""           "
"1"," ""P8-s2-d1-t42""           "
"1"," ""P8-s2-d2-b""             "
"1"," ""P8-s2-d2-t0""            "
"1"," ""P8-s2-d2-t14""           "
"1","
"
"1","[756]"
"1"," ""P8-s2-d2-t2""            "
"1"," ""P8-s2-d2-t42""           "
"1"," ""P8-s3-d1-b""             "
"1"," ""P8-s3-d1-t0""            "
"1"," ""P8-s3-d1-t14""           "
"1","
"
"1","[761]"
"1"," ""P8-s3-d1-t2""            "
"1"," ""P8-s3-d1-t21""           "
"1"," ""P8-s3-d1-t42""           "
"1"," ""P8-s3-d2-b""             "
"1"," ""P8-s3-d2-t0""            "
"1","
"
"1","[766]"
"1"," ""P8-s3-d2-t14""           "
"1"," ""P8-s3-d2-t2""            "
"1"," ""P8-s3-d2-t21""           "
"1"," ""P8-s3-d2-t42""           "
"1"," ""P8-s4-d1-b""             "
"1","
"
"1","[771]"
"1"," ""P8-s4-d1-t0""            "
"1"," ""P8-s4-d1-t14""           "
"1"," ""P8-s4-d1-t2""            "
"1"," ""P8-s4-d1-t21""           "
"1"," ""P8-s4-d1-t42""           "
"1","
"
"1","[776]"
"1"," ""P8-s4-d2-b""             "
"1"," ""P8-s4-d2-t0""            "
"1"," ""P8-s4-d2-t2""            "
"1"," ""P8-s4-d2-t21""           "
"1"," ""P8-s4-d2-t42""           "
"1","
"
"1","[781]"
"1"," ""P8-s5-d1-b""             "
"1"," ""P8-s5-d1-t0""            "
"1"," ""P8-s5-d1-t14""           "
"1"," ""P8-s5-d1-t2""            "
"1"," ""P8-s5-d1-t21""           "
"1","
"
"1","[786]"
"1"," ""P8-s5-d1-t42""           "
"1"," ""P8-s5-d2-b""             "
"1"," ""P8-s5-d2-t0""            "
"1"," ""P8-s5-d2-t14""           "
"1"," ""P8-s5-d2-t2""            "
"1","
"
"1","[791]"
"1"," ""P8-s5-d2-t21""           "
"1"," ""P8-s5-d2-t42""           "
"1"," ""P9-1""                   "
"1"," ""P9-2""                   "
"1"," ""P9-3""                   "
"1","
"
"1","[796]"
"1"," ""P9-4""                   "
"1"," ""P9-5""                   "
"1"," ""P9-6""                   "
"1"," ""P9-s1-d1-b""             "
"1"," ""P9-s1-d1-t0""            "
"1","
"
"1","[801]"
"1"," ""P9-s1-d1-t14""           "
"1"," ""P9-s1-d1-t2""            "
"1"," ""P9-s1-d1-t42""           "
"1"," ""P9-s1-d2-b""             "
"1"," ""P9-s1-d2-t0""            "
"1","
"
"1","[806]"
"1"," ""P9-s1-d2-t14""           "
"1"," ""P9-s1-d2-t2""            "
"1"," ""P9-s1-d2-t21""           "
"1"," ""P9-s1-d2-t42""           "
"1"," ""P9-s2-d1-b""             "
"1","
"
"1","[811]"
"1"," ""P9-s2-d1-t0""            "
"1"," ""P9-s2-d1-t14""           "
"1"," ""P9-s2-d1-t2""            "
"1"," ""P9-s2-d1-t21""           "
"1"," ""P9-s2-d1-t42""           "
"1","
"
"1","[816]"
"1"," ""P9-s2-d2-b""             "
"1"," ""P9-s2-d2-t0""            "
"1"," ""P9-s2-d2-t14""           "
"1"," ""P9-s2-d2-t2""            "
"1"," ""P9-s2-d2-t21""           "
"1","
"
"1","[821]"
"1"," ""P9-s2-d2-t42""           "
"1"," ""P9-s3-d1-b""             "
"1"," ""P9-s3-d1-t0""            "
"1"," ""P9-s3-d1-t14""           "
"1"," ""P9-s3-d1-t2""            "
"1","
"
"1","[826]"
"1"," ""P9-s3-d1-t21""           "
"1"," ""P9-s3-d1-t42""           "
"1"," ""P9-s3-d2-b""             "
"1"," ""P9-s3-d2-t14""           "
"1"," ""P9-s3-d2-t2""            "
"1","
"
"1","[831]"
"1"," ""P9-s3-d2-t21""           "
"1"," ""P9-s3-d2-t42""           "
"1"," ""P9-s4-d1-b""             "
"1"," ""P9-s4-d1-t0""            "
"1"," ""P9-s4-d1-t14""           "
"1","
"
"1","[836]"
"1"," ""P9-s4-d1-t2""            "
"1"," ""P9-s4-d1-t21""           "
"1"," ""P9-s4-d1-t42""           "
"1"," ""P9-s4-d2-b""             "
"1"," ""P9-s4-d2-t0""            "
"1","
"
"1","[841]"
"1"," ""P9-s4-d2-t14""           "
"1"," ""P9-s4-d2-t2""            "
"1"," ""P9-s4-d2-t21""           "
"1"," ""P9-s4-d2-t42""           "
"1"," ""P9-s5-d1-b""             "
"1","
"
"1","[846]"
"1"," ""P9-s5-d1-t0""            "
"1"," ""P9-s5-d1-t14""           "
"1"," ""P9-s5-d1-t2""            "
"1"," ""P9-s5-d1-t21""           "
"1"," ""P9-s5-d1-t42""           "
"1","
"
"1","[851]"
"1"," ""P9-s5-d2-b""             "
"1"," ""P9-s5-d2-t0""            "
"1"," ""P9-s5-d2-t14""           "
"1"," ""P9-s5-d2-t2""            "
"1"," ""P9-s5-d2-t21""           "
"1","
"
"1","[856]"
"1"," ""P9-s5-d2-t42""           "
"1"," ""PMB1A1""                 "
"1"," ""PMB1D1""                 "
"1"," ""PMB2B1""                 "
"1"," ""PMB2E2""                 "
"1","
"
"1","[861]"
"1"," ""PMB3C1""                 "
"1"," ""PMB3F1""                 "
"1","
"
"0","# Four sample names are wrong and need to be changed, these should be d2, not d1. That is the reason that a 2 was tagged on the end because they are duplicate names"
"0","#""P1-s1-d1-t2-2"""
"0","#""P1-s2-d1-t2-2"""
"0","#""P1-s3-d1-t2-2"""
"0",""
"0","sample_names(worle)[9] <- ""P1-s1-d2-t2"""
"0","sample_names(worle)[9]"
"1","[1]"
"1"," ""P1-s1-d2-t2"""
"1","
"
"0","sample_names(worle)[21] <- ""P1-s2-d2-t2"""
"0","sample_names(worle)[32] <- ""P1-s3-d2-t2"""
"0","sample_names(worle)[44] <- ""P1-s4-d2-t2"""
"0",""
"0","meta <- as.data.frame(read_csv(file = ""../data/working_on_meta.csv"")) "
"2","Parsed with column specification:
cols(
  id = [31mcol_character()[39m,
  PI = [31mcol_character()[39m,
  matrix = [31mcol_character()[39m,
  plot = [32mcol_double()[39m,
  treatment = [31mcol_character()[39m,
  day = [31mcol_character()[39m,
  depth = [31mcol_character()[39m,
  in_plot_location = [31mcol_character()[39m,
  block = [32mcol_double()[39m,
  runoff_sample = [31mcol_character()[39m
)
"
"0","sample_names(worle) == meta$id"
"1","  [1]"
"1"," TRUE"
"1"," TRUE"
"1"," TRUE"
"1"," TRUE"
"1"," TRUE"
"1"," TRUE"
"1"," TRUE"
"1"," TRUE"
"1"," TRUE"
"1"," TRUE"
"1"," TRUE"
"1"," TRUE"
"1"," TRUE"
"1"," TRUE"
"1"," TRUE"
"1"," TRUE"
"1"," TRUE"
"1"," TRUE"
"1"," TRUE"
"1"," TRUE"
"1"," TRUE"
"1"," TRUE"
"1"," TRUE"
"1"," TRUE"
"1"," TRUE"
"1"," TRUE"
"1"," TRUE"
"1","
"
"1"," [28]"
"1"," TRUE"
"1"," TRUE"
"1"," TRUE"
"1"," TRUE"
"1"," TRUE"
"1"," TRUE"
"1"," TRUE"
"1"," TRUE"
"1"," TRUE"
"1"," TRUE"
"1"," TRUE"
"1"," TRUE"
"1"," TRUE"
"1"," TRUE"
"1"," TRUE"
"1"," TRUE"
"1"," TRUE"
"1"," TRUE"
"1"," TRUE"
"1"," TRUE"
"1"," TRUE"
"1"," TRUE"
"1"," TRUE"
"1"," TRUE"
"1"," TRUE"
"1"," TRUE"
"1"," TRUE"
"1","
"
"1"," [55]"
"1"," TRUE"
"1"," TRUE"
"1"," TRUE"
"1"," TRUE"
"1"," TRUE"
"1"," TRUE"
"1"," TRUE"
"1"," TRUE"
"1"," TRUE"
"1"," TRUE"
"1"," TRUE"
"1"," TRUE"
"1"," TRUE"
"1"," TRUE"
"1"," TRUE"
"1"," TRUE"
"1"," TRUE"
"1"," TRUE"
"1"," TRUE"
"1"," TRUE"
"1"," TRUE"
"1"," TRUE"
"1"," TRUE"
"1"," TRUE"
"1"," TRUE"
"1"," TRUE"
"1"," TRUE"
"1","
"
"1"," [82]"
"1"," TRUE"
"1"," TRUE"
"1"," TRUE"
"1"," TRUE"
"1"," TRUE"
"1"," TRUE"
"1"," TRUE"
"1"," TRUE"
"1"," TRUE"
"1"," TRUE"
"1"," TRUE"
"1"," TRUE"
"1"," TRUE"
"1"," TRUE"
"1"," TRUE"
"1"," TRUE"
"1"," TRUE"
"1"," TRUE"
"1"," TRUE"
"1"," TRUE"
"1"," TRUE"
"1"," TRUE"
"1"," TRUE"
"1"," TRUE"
"1"," TRUE"
"1"," TRUE"
"1"," TRUE"
"1","
"
"1","[109]"
"1"," TRUE"
"1"," TRUE"
"1"," TRUE"
"1"," TRUE"
"1"," TRUE"
"1"," TRUE"
"1"," TRUE"
"1"," TRUE"
"1"," TRUE"
"1"," TRUE"
"1"," TRUE"
"1"," TRUE"
"1"," TRUE"
"1"," TRUE"
"1"," TRUE"
"1"," TRUE"
"1"," TRUE"
"1"," TRUE"
"1"," TRUE"
"1"," TRUE"
"1"," TRUE"
"1"," TRUE"
"1"," TRUE"
"1"," TRUE"
"1"," TRUE"
"1"," TRUE"
"1"," TRUE"
"1","
"
"1","[136]"
"1"," TRUE"
"1"," TRUE"
"1"," TRUE"
"1"," TRUE"
"1"," TRUE"
"1"," TRUE"
"1"," TRUE"
"1"," TRUE"
"1"," TRUE"
"1"," TRUE"
"1"," TRUE"
"1"," TRUE"
"1"," TRUE"
"1"," TRUE"
"1"," TRUE"
"1"," TRUE"
"1"," TRUE"
"1"," TRUE"
"1"," TRUE"
"1"," TRUE"
"1"," TRUE"
"1"," TRUE"
"1"," TRUE"
"1"," TRUE"
"1"," TRUE"
"1"," TRUE"
"1"," TRUE"
"1","
"
"1","[163]"
"1"," TRUE"
"1"," TRUE"
"1"," TRUE"
"1"," TRUE"
"1"," TRUE"
"1"," TRUE"
"1"," TRUE"
"1"," TRUE"
"1"," TRUE"
"1"," TRUE"
"1"," TRUE"
"1"," TRUE"
"1"," TRUE"
"1"," TRUE"
"1"," TRUE"
"1"," TRUE"
"1"," TRUE"
"1"," TRUE"
"1"," TRUE"
"1"," TRUE"
"1"," TRUE"
"1"," TRUE"
"1"," TRUE"
"1"," TRUE"
"1"," TRUE"
"1"," TRUE"
"1"," TRUE"
"1","
"
"1","[190]"
"1"," TRUE"
"1"," TRUE"
"1"," TRUE"
"1"," TRUE"
"1"," TRUE"
"1"," TRUE"
"1"," TRUE"
"1"," TRUE"
"1"," TRUE"
"1"," TRUE"
"1"," TRUE"
"1"," TRUE"
"1"," TRUE"
"1"," TRUE"
"1"," TRUE"
"1"," TRUE"
"1"," TRUE"
"1"," TRUE"
"1"," TRUE"
"1"," TRUE"
"1"," TRUE"
"1"," TRUE"
"1"," TRUE"
"1"," TRUE"
"1"," TRUE"
"1"," TRUE"
"1"," TRUE"
"1","
"
"1","[217]"
"1"," TRUE"
"1"," TRUE"
"1"," TRUE"
"1"," TRUE"
"1"," TRUE"
"1"," TRUE"
"1"," TRUE"
"1"," TRUE"
"1"," TRUE"
"1"," TRUE"
"1"," TRUE"
"1"," TRUE"
"1"," TRUE"
"1"," TRUE"
"1"," TRUE"
"1"," TRUE"
"1"," TRUE"
"1"," TRUE"
"1"," TRUE"
"1"," TRUE"
"1"," TRUE"
"1"," TRUE"
"1"," TRUE"
"1"," TRUE"
"1"," TRUE"
"1"," TRUE"
"1"," TRUE"
"1","
"
"1","[244]"
"1"," TRUE"
"1"," TRUE"
"1"," TRUE"
"1"," TRUE"
"1"," TRUE"
"1"," TRUE"
"1"," TRUE"
"1"," TRUE"
"1"," TRUE"
"1"," TRUE"
"1"," TRUE"
"1"," TRUE"
"1"," TRUE"
"1"," TRUE"
"1"," TRUE"
"1"," TRUE"
"1"," TRUE"
"1"," TRUE"
"1"," TRUE"
"1"," TRUE"
"1"," TRUE"
"1"," TRUE"
"1"," TRUE"
"1"," TRUE"
"1"," TRUE"
"1"," TRUE"
"1"," TRUE"
"1","
"
"1","[271]"
"1"," TRUE"
"1"," TRUE"
"1"," TRUE"
"1"," TRUE"
"1"," TRUE"
"1"," TRUE"
"1"," TRUE"
"1"," TRUE"
"1"," TRUE"
"1"," TRUE"
"1"," TRUE"
"1"," TRUE"
"1"," TRUE"
"1"," TRUE"
"1"," TRUE"
"1"," TRUE"
"1"," TRUE"
"1"," TRUE"
"1"," TRUE"
"1"," TRUE"
"1"," TRUE"
"1"," TRUE"
"1"," TRUE"
"1"," TRUE"
"1"," TRUE"
"1"," TRUE"
"1"," TRUE"
"1","
"
"1","[298]"
"1"," TRUE"
"1"," TRUE"
"1"," TRUE"
"1"," TRUE"
"1"," TRUE"
"1"," TRUE"
"1"," TRUE"
"1"," TRUE"
"1"," TRUE"
"1"," TRUE"
"1"," TRUE"
"1"," TRUE"
"1"," TRUE"
"1"," TRUE"
"1"," TRUE"
"1"," TRUE"
"1"," TRUE"
"1"," TRUE"
"1"," TRUE"
"1"," TRUE"
"1"," TRUE"
"1"," TRUE"
"1"," TRUE"
"1"," TRUE"
"1"," TRUE"
"1"," TRUE"
"1"," TRUE"
"1","
"
"1","[325]"
"1"," TRUE"
"1"," TRUE"
"1"," TRUE"
"1"," TRUE"
"1"," TRUE"
"1"," TRUE"
"1"," TRUE"
"1"," TRUE"
"1"," TRUE"
"1"," TRUE"
"1"," TRUE"
"1"," TRUE"
"1"," TRUE"
"1"," TRUE"
"1"," TRUE"
"1"," TRUE"
"1"," TRUE"
"1"," TRUE"
"1"," TRUE"
"1"," TRUE"
"1"," TRUE"
"1"," TRUE"
"1"," TRUE"
"1"," TRUE"
"1"," TRUE"
"1"," TRUE"
"1"," TRUE"
"1","
"
"1","[352]"
"1"," TRUE"
"1"," TRUE"
"1"," TRUE"
"1"," TRUE"
"1"," TRUE"
"1"," TRUE"
"1"," TRUE"
"1"," TRUE"
"1"," TRUE"
"1"," TRUE"
"1"," TRUE"
"1"," TRUE"
"1"," TRUE"
"1"," TRUE"
"1"," TRUE"
"1"," TRUE"
"1"," TRUE"
"1"," TRUE"
"1"," TRUE"
"1"," TRUE"
"1"," TRUE"
"1"," TRUE"
"1"," TRUE"
"1"," TRUE"
"1"," TRUE"
"1"," TRUE"
"1"," TRUE"
"1","
"
"1","[379]"
"1"," TRUE"
"1"," TRUE"
"1"," TRUE"
"1"," TRUE"
"1"," TRUE"
"1"," TRUE"
"1"," TRUE"
"1"," TRUE"
"1"," TRUE"
"1"," TRUE"
"1"," TRUE"
"1"," TRUE"
"1"," TRUE"
"1"," TRUE"
"1"," TRUE"
"1"," TRUE"
"1"," TRUE"
"1"," TRUE"
"1"," TRUE"
"1"," TRUE"
"1"," TRUE"
"1"," TRUE"
"1"," TRUE"
"1"," TRUE"
"1"," TRUE"
"1"," TRUE"
"1"," TRUE"
"1","
"
"1","[406]"
"1"," TRUE"
"1"," TRUE"
"1"," TRUE"
"1"," TRUE"
"1"," TRUE"
"1"," TRUE"
"1"," TRUE"
"1"," TRUE"
"1"," TRUE"
"1"," TRUE"
"1"," TRUE"
"1"," TRUE"
"1"," TRUE"
"1"," TRUE"
"1"," TRUE"
"1"," TRUE"
"1"," TRUE"
"1"," TRUE"
"1"," TRUE"
"1"," TRUE"
"1"," TRUE"
"1"," TRUE"
"1"," TRUE"
"1"," TRUE"
"1"," TRUE"
"1"," TRUE"
"1"," TRUE"
"1","
"
"1","[433]"
"1"," TRUE"
"1"," TRUE"
"1"," TRUE"
"1"," TRUE"
"1"," TRUE"
"1"," TRUE"
"1"," TRUE"
"1"," TRUE"
"1"," TRUE"
"1"," TRUE"
"1"," TRUE"
"1"," TRUE"
"1"," TRUE"
"1"," TRUE"
"1"," TRUE"
"1"," TRUE"
"1"," TRUE"
"1"," TRUE"
"1"," TRUE"
"1"," TRUE"
"1"," TRUE"
"1"," TRUE"
"1"," TRUE"
"1"," TRUE"
"1"," TRUE"
"1"," TRUE"
"1"," TRUE"
"1","
"
"1","[460]"
"1"," TRUE"
"1"," TRUE"
"1"," TRUE"
"1"," TRUE"
"1"," TRUE"
"1"," TRUE"
"1"," TRUE"
"1"," TRUE"
"1"," TRUE"
"1"," TRUE"
"1"," TRUE"
"1"," TRUE"
"1"," TRUE"
"1"," TRUE"
"1"," TRUE"
"1"," TRUE"
"1"," TRUE"
"1"," TRUE"
"1"," TRUE"
"1"," TRUE"
"1"," TRUE"
"1"," TRUE"
"1"," TRUE"
"1"," TRUE"
"1"," TRUE"
"1"," TRUE"
"1"," TRUE"
"1","
"
"1","[487]"
"1"," TRUE"
"1"," TRUE"
"1"," TRUE"
"1"," TRUE"
"1"," TRUE"
"1"," TRUE"
"1"," TRUE"
"1"," TRUE"
"1"," TRUE"
"1"," TRUE"
"1"," TRUE"
"1"," TRUE"
"1"," TRUE"
"1"," TRUE"
"1"," TRUE"
"1"," TRUE"
"1"," TRUE"
"1"," TRUE"
"1"," TRUE"
"1"," TRUE"
"1"," TRUE"
"1"," TRUE"
"1"," TRUE"
"1"," TRUE"
"1"," TRUE"
"1"," TRUE"
"1"," TRUE"
"1","
"
"1","[514]"
"1"," TRUE"
"1"," TRUE"
"1"," TRUE"
"1"," TRUE"
"1"," TRUE"
"1"," TRUE"
"1"," TRUE"
"1"," TRUE"
"1"," TRUE"
"1"," TRUE"
"1"," TRUE"
"1"," TRUE"
"1"," TRUE"
"1"," TRUE"
"1"," TRUE"
"1"," TRUE"
"1"," TRUE"
"1"," TRUE"
"1"," TRUE"
"1"," TRUE"
"1"," TRUE"
"1"," TRUE"
"1"," TRUE"
"1"," TRUE"
"1"," TRUE"
"1"," TRUE"
"1"," TRUE"
"1","
"
"1","[541]"
"1"," TRUE"
"1"," TRUE"
"1"," TRUE"
"1"," TRUE"
"1"," TRUE"
"1"," TRUE"
"1"," TRUE"
"1"," TRUE"
"1"," TRUE"
"1"," TRUE"
"1"," TRUE"
"1"," TRUE"
"1"," TRUE"
"1"," TRUE"
"1"," TRUE"
"1"," TRUE"
"1"," TRUE"
"1"," TRUE"
"1"," TRUE"
"1"," TRUE"
"1"," TRUE"
"1"," TRUE"
"1"," TRUE"
"1"," TRUE"
"1"," TRUE"
"1"," TRUE"
"1"," TRUE"
"1","
"
"1","[568]"
"1"," TRUE"
"1"," TRUE"
"1"," TRUE"
"1"," TRUE"
"1"," TRUE"
"1"," TRUE"
"1"," TRUE"
"1"," TRUE"
"1"," TRUE"
"1"," TRUE"
"1"," TRUE"
"1"," TRUE"
"1"," TRUE"
"1"," TRUE"
"1"," TRUE"
"1"," TRUE"
"1"," TRUE"
"1"," TRUE"
"1"," TRUE"
"1"," TRUE"
"1"," TRUE"
"1"," TRUE"
"1"," TRUE"
"1"," TRUE"
"1"," TRUE"
"1"," TRUE"
"1"," TRUE"
"1","
"
"1","[595]"
"1"," TRUE"
"1"," TRUE"
"1"," TRUE"
"1"," TRUE"
"1"," TRUE"
"1"," TRUE"
"1"," TRUE"
"1"," TRUE"
"1"," TRUE"
"1"," TRUE"
"1"," TRUE"
"1"," TRUE"
"1"," TRUE"
"1"," TRUE"
"1"," TRUE"
"1"," TRUE"
"1"," TRUE"
"1"," TRUE"
"1"," TRUE"
"1"," TRUE"
"1"," TRUE"
"1"," TRUE"
"1"," TRUE"
"1"," TRUE"
"1"," TRUE"
"1"," TRUE"
"1"," TRUE"
"1","
"
"1","[622]"
"1"," TRUE"
"1"," TRUE"
"1"," TRUE"
"1"," TRUE"
"1"," TRUE"
"1"," TRUE"
"1"," TRUE"
"1"," TRUE"
"1"," TRUE"
"1"," TRUE"
"1"," TRUE"
"1"," TRUE"
"1"," TRUE"
"1"," TRUE"
"1"," TRUE"
"1"," TRUE"
"1"," TRUE"
"1"," TRUE"
"1"," TRUE"
"1"," TRUE"
"1"," TRUE"
"1"," TRUE"
"1"," TRUE"
"1"," TRUE"
"1"," TRUE"
"1"," TRUE"
"1"," TRUE"
"1","
"
"1","[649]"
"1"," TRUE"
"1"," TRUE"
"1"," TRUE"
"1"," TRUE"
"1"," TRUE"
"1"," TRUE"
"1"," TRUE"
"1"," TRUE"
"1"," TRUE"
"1"," TRUE"
"1"," TRUE"
"1"," TRUE"
"1"," TRUE"
"1"," TRUE"
"1"," TRUE"
"1"," TRUE"
"1"," TRUE"
"1"," TRUE"
"1"," TRUE"
"1"," TRUE"
"1"," TRUE"
"1"," TRUE"
"1"," TRUE"
"1"," TRUE"
"1"," TRUE"
"1"," TRUE"
"1"," TRUE"
"1","
"
"1","[676]"
"1"," TRUE"
"1"," TRUE"
"1"," TRUE"
"1"," TRUE"
"1"," TRUE"
"1"," TRUE"
"1"," TRUE"
"1"," TRUE"
"1"," TRUE"
"1"," TRUE"
"1"," TRUE"
"1"," TRUE"
"1"," TRUE"
"1"," TRUE"
"1"," TRUE"
"1"," TRUE"
"1"," TRUE"
"1"," TRUE"
"1"," TRUE"
"1"," TRUE"
"1"," TRUE"
"1"," TRUE"
"1"," TRUE"
"1"," TRUE"
"1"," TRUE"
"1"," TRUE"
"1"," TRUE"
"1","
"
"1","[703]"
"1"," TRUE"
"1"," TRUE"
"1"," TRUE"
"1"," TRUE"
"1"," TRUE"
"1"," TRUE"
"1"," TRUE"
"1"," TRUE"
"1"," TRUE"
"1"," TRUE"
"1"," TRUE"
"1"," TRUE"
"1"," TRUE"
"1"," TRUE"
"1"," TRUE"
"1"," TRUE"
"1"," TRUE"
"1"," TRUE"
"1"," TRUE"
"1"," TRUE"
"1"," TRUE"
"1"," TRUE"
"1"," TRUE"
"1"," TRUE"
"1"," TRUE"
"1"," TRUE"
"1"," TRUE"
"1","
"
"1","[730]"
"1"," TRUE"
"1"," TRUE"
"1"," TRUE"
"1"," TRUE"
"1"," TRUE"
"1"," TRUE"
"1"," TRUE"
"1"," TRUE"
"1"," TRUE"
"1"," TRUE"
"1"," TRUE"
"1"," TRUE"
"1"," TRUE"
"1"," TRUE"
"1"," TRUE"
"1"," TRUE"
"1"," TRUE"
"1"," TRUE"
"1"," TRUE"
"1"," TRUE"
"1"," TRUE"
"1"," TRUE"
"1"," TRUE"
"1"," TRUE"
"1"," TRUE"
"1"," TRUE"
"1"," TRUE"
"1","
"
"1","[757]"
"1"," TRUE"
"1"," TRUE"
"1"," TRUE"
"1"," TRUE"
"1"," TRUE"
"1"," TRUE"
"1"," TRUE"
"1"," TRUE"
"1"," TRUE"
"1"," TRUE"
"1"," TRUE"
"1"," TRUE"
"1"," TRUE"
"1"," TRUE"
"1"," TRUE"
"1"," TRUE"
"1"," TRUE"
"1"," TRUE"
"1"," TRUE"
"1"," TRUE"
"1"," TRUE"
"1"," TRUE"
"1"," TRUE"
"1"," TRUE"
"1"," TRUE"
"1"," TRUE"
"1"," TRUE"
"1","
"
"1","[784]"
"1"," TRUE"
"1"," TRUE"
"1"," TRUE"
"1"," TRUE"
"1"," TRUE"
"1"," TRUE"
"1"," TRUE"
"1"," TRUE"
"1"," TRUE"
"1"," TRUE"
"1"," TRUE"
"1"," TRUE"
"1"," TRUE"
"1"," TRUE"
"1"," TRUE"
"1"," TRUE"
"1"," TRUE"
"1"," TRUE"
"1"," TRUE"
"1"," TRUE"
"1"," TRUE"
"1"," TRUE"
"1"," TRUE"
"1"," TRUE"
"1"," TRUE"
"1"," TRUE"
"1"," TRUE"
"1","
"
"1","[811]"
"1"," TRUE"
"1"," TRUE"
"1"," TRUE"
"1"," TRUE"
"1"," TRUE"
"1"," TRUE"
"1"," TRUE"
"1"," TRUE"
"1"," TRUE"
"1"," TRUE"
"1"," TRUE"
"1"," TRUE"
"1"," TRUE"
"1"," TRUE"
"1"," TRUE"
"1"," TRUE"
"1"," TRUE"
"1"," TRUE"
"1"," TRUE"
"1"," TRUE"
"1"," TRUE"
"1"," TRUE"
"1"," TRUE"
"1"," TRUE"
"1"," TRUE"
"1"," TRUE"
"1"," TRUE"
"1","
"
"1","[838]"
"1"," TRUE"
"1"," TRUE"
"1"," TRUE"
"1"," TRUE"
"1"," TRUE"
"1"," TRUE"
"1"," TRUE"
"1"," TRUE"
"1"," TRUE"
"1"," TRUE"
"1"," TRUE"
"1"," TRUE"
"1"," TRUE"
"1"," TRUE"
"1"," TRUE"
"1"," TRUE"
"1"," TRUE"
"1"," TRUE"
"1"," TRUE"
"1"," TRUE"
"1"," TRUE"
"1"," TRUE"
"1"," TRUE"
"1"," TRUE"
"1"," TRUE"
"1","
"
"0","test <- data.frame(sample_data(worle)) "
"0",""
"0","row.names(meta) <- meta$id"
"0","row.names(test) == row.names(meta)"
"1","  [1]"
"1"," TRUE"
"1"," TRUE"
"1"," TRUE"
"1"," TRUE"
"1"," TRUE"
"1"," TRUE"
"1"," TRUE"
"1"," TRUE"
"1"," TRUE"
"1"," TRUE"
"1"," TRUE"
"1"," TRUE"
"1"," TRUE"
"1"," TRUE"
"1"," TRUE"
"1"," TRUE"
"1"," TRUE"
"1"," TRUE"
"1"," TRUE"
"1"," TRUE"
"1"," TRUE"
"1"," TRUE"
"1"," TRUE"
"1"," TRUE"
"1"," TRUE"
"1"," TRUE"
"1"," TRUE"
"1","
"
"1"," [28]"
"1"," TRUE"
"1"," TRUE"
"1"," TRUE"
"1"," TRUE"
"1"," TRUE"
"1"," TRUE"
"1"," TRUE"
"1"," TRUE"
"1"," TRUE"
"1"," TRUE"
"1"," TRUE"
"1"," TRUE"
"1"," TRUE"
"1"," TRUE"
"1"," TRUE"
"1"," TRUE"
"1"," TRUE"
"1"," TRUE"
"1"," TRUE"
"1"," TRUE"
"1"," TRUE"
"1"," TRUE"
"1"," TRUE"
"1"," TRUE"
"1"," TRUE"
"1"," TRUE"
"1"," TRUE"
"1","
"
"1"," [55]"
"1"," TRUE"
"1"," TRUE"
"1"," TRUE"
"1"," TRUE"
"1"," TRUE"
"1"," TRUE"
"1"," TRUE"
"1"," TRUE"
"1"," TRUE"
"1"," TRUE"
"1"," TRUE"
"1"," TRUE"
"1"," TRUE"
"1"," TRUE"
"1"," TRUE"
"1"," TRUE"
"1"," TRUE"
"1"," TRUE"
"1"," TRUE"
"1"," TRUE"
"1"," TRUE"
"1"," TRUE"
"1"," TRUE"
"1"," TRUE"
"1"," TRUE"
"1"," TRUE"
"1"," TRUE"
"1","
"
"1"," [82]"
"1"," TRUE"
"1"," TRUE"
"1"," TRUE"
"1"," TRUE"
"1"," TRUE"
"1"," TRUE"
"1"," TRUE"
"1"," TRUE"
"1"," TRUE"
"1"," TRUE"
"1"," TRUE"
"1"," TRUE"
"1"," TRUE"
"1"," TRUE"
"1"," TRUE"
"1"," TRUE"
"1"," TRUE"
"1"," TRUE"
"1"," TRUE"
"1"," TRUE"
"1"," TRUE"
"1"," TRUE"
"1"," TRUE"
"1"," TRUE"
"1"," TRUE"
"1"," TRUE"
"1"," TRUE"
"1","
"
"1","[109]"
"1"," TRUE"
"1"," TRUE"
"1"," TRUE"
"1"," TRUE"
"1"," TRUE"
"1"," TRUE"
"1"," TRUE"
"1"," TRUE"
"1"," TRUE"
"1"," TRUE"
"1"," TRUE"
"1"," TRUE"
"1"," TRUE"
"1"," TRUE"
"1"," TRUE"
"1"," TRUE"
"1"," TRUE"
"1"," TRUE"
"1"," TRUE"
"1"," TRUE"
"1"," TRUE"
"1"," TRUE"
"1"," TRUE"
"1"," TRUE"
"1"," TRUE"
"1"," TRUE"
"1"," TRUE"
"1","
"
"1","[136]"
"1"," TRUE"
"1"," TRUE"
"1"," TRUE"
"1"," TRUE"
"1"," TRUE"
"1"," TRUE"
"1"," TRUE"
"1"," TRUE"
"1"," TRUE"
"1"," TRUE"
"1"," TRUE"
"1"," TRUE"
"1"," TRUE"
"1"," TRUE"
"1"," TRUE"
"1"," TRUE"
"1"," TRUE"
"1"," TRUE"
"1"," TRUE"
"1"," TRUE"
"1"," TRUE"
"1"," TRUE"
"1"," TRUE"
"1"," TRUE"
"1"," TRUE"
"1"," TRUE"
"1"," TRUE"
"1","
"
"1","[163]"
"1"," TRUE"
"1"," TRUE"
"1"," TRUE"
"1"," TRUE"
"1"," TRUE"
"1"," TRUE"
"1"," TRUE"
"1"," TRUE"
"1"," TRUE"
"1"," TRUE"
"1"," TRUE"
"1"," TRUE"
"1"," TRUE"
"1"," TRUE"
"1"," TRUE"
"1"," TRUE"
"1"," TRUE"
"1"," TRUE"
"1"," TRUE"
"1"," TRUE"
"1"," TRUE"
"1"," TRUE"
"1"," TRUE"
"1"," TRUE"
"1"," TRUE"
"1"," TRUE"
"1"," TRUE"
"1","
"
"1","[190]"
"1"," TRUE"
"1"," TRUE"
"1"," TRUE"
"1"," TRUE"
"1"," TRUE"
"1"," TRUE"
"1"," TRUE"
"1"," TRUE"
"1"," TRUE"
"1"," TRUE"
"1"," TRUE"
"1"," TRUE"
"1"," TRUE"
"1"," TRUE"
"1"," TRUE"
"1"," TRUE"
"1"," TRUE"
"1"," TRUE"
"1"," TRUE"
"1"," TRUE"
"1"," TRUE"
"1"," TRUE"
"1"," TRUE"
"1"," TRUE"
"1"," TRUE"
"1"," TRUE"
"1"," TRUE"
"1","
"
"1","[217]"
"1"," TRUE"
"1"," TRUE"
"1"," TRUE"
"1"," TRUE"
"1"," TRUE"
"1"," TRUE"
"1"," TRUE"
"1"," TRUE"
"1"," TRUE"
"1"," TRUE"
"1"," TRUE"
"1"," TRUE"
"1"," TRUE"
"1"," TRUE"
"1"," TRUE"
"1"," TRUE"
"1"," TRUE"
"1"," TRUE"
"1"," TRUE"
"1"," TRUE"
"1"," TRUE"
"1"," TRUE"
"1"," TRUE"
"1"," TRUE"
"1"," TRUE"
"1"," TRUE"
"1"," TRUE"
"1","
"
"1","[244]"
"1"," TRUE"
"1"," TRUE"
"1"," TRUE"
"1"," TRUE"
"1"," TRUE"
"1"," TRUE"
"1"," TRUE"
"1"," TRUE"
"1"," TRUE"
"1"," TRUE"
"1"," TRUE"
"1"," TRUE"
"1"," TRUE"
"1"," TRUE"
"1"," TRUE"
"1"," TRUE"
"1"," TRUE"
"1"," TRUE"
"1"," TRUE"
"1"," TRUE"
"1"," TRUE"
"1"," TRUE"
"1"," TRUE"
"1"," TRUE"
"1"," TRUE"
"1"," TRUE"
"1"," TRUE"
"1","
"
"1","[271]"
"1"," TRUE"
"1"," TRUE"
"1"," TRUE"
"1"," TRUE"
"1"," TRUE"
"1"," TRUE"
"1"," TRUE"
"1"," TRUE"
"1"," TRUE"
"1"," TRUE"
"1"," TRUE"
"1"," TRUE"
"1"," TRUE"
"1"," TRUE"
"1"," TRUE"
"1"," TRUE"
"1"," TRUE"
"1"," TRUE"
"1"," TRUE"
"1"," TRUE"
"1"," TRUE"
"1"," TRUE"
"1"," TRUE"
"1"," TRUE"
"1"," TRUE"
"1"," TRUE"
"1"," TRUE"
"1","
"
"1","[298]"
"1"," TRUE"
"1"," TRUE"
"1"," TRUE"
"1"," TRUE"
"1"," TRUE"
"1"," TRUE"
"1"," TRUE"
"1"," TRUE"
"1"," TRUE"
"1"," TRUE"
"1"," TRUE"
"1"," TRUE"
"1"," TRUE"
"1"," TRUE"
"1"," TRUE"
"1"," TRUE"
"1"," TRUE"
"1"," TRUE"
"1"," TRUE"
"1"," TRUE"
"1"," TRUE"
"1"," TRUE"
"1"," TRUE"
"1"," TRUE"
"1"," TRUE"
"1"," TRUE"
"1"," TRUE"
"1","
"
"1","[325]"
"1"," TRUE"
"1"," TRUE"
"1"," TRUE"
"1"," TRUE"
"1"," TRUE"
"1"," TRUE"
"1"," TRUE"
"1"," TRUE"
"1"," TRUE"
"1"," TRUE"
"1"," TRUE"
"1"," TRUE"
"1"," TRUE"
"1"," TRUE"
"1"," TRUE"
"1"," TRUE"
"1"," TRUE"
"1"," TRUE"
"1"," TRUE"
"1"," TRUE"
"1"," TRUE"
"1"," TRUE"
"1"," TRUE"
"1"," TRUE"
"1"," TRUE"
"1"," TRUE"
"1"," TRUE"
"1","
"
"1","[352]"
"1"," TRUE"
"1"," TRUE"
"1"," TRUE"
"1"," TRUE"
"1"," TRUE"
"1"," TRUE"
"1"," TRUE"
"1"," TRUE"
"1"," TRUE"
"1"," TRUE"
"1"," TRUE"
"1"," TRUE"
"1"," TRUE"
"1"," TRUE"
"1"," TRUE"
"1"," TRUE"
"1"," TRUE"
"1"," TRUE"
"1"," TRUE"
"1"," TRUE"
"1"," TRUE"
"1"," TRUE"
"1"," TRUE"
"1"," TRUE"
"1"," TRUE"
"1"," TRUE"
"1"," TRUE"
"1","
"
"1","[379]"
"1"," TRUE"
"1"," TRUE"
"1"," TRUE"
"1"," TRUE"
"1"," TRUE"
"1"," TRUE"
"1"," TRUE"
"1"," TRUE"
"1"," TRUE"
"1"," TRUE"
"1"," TRUE"
"1"," TRUE"
"1"," TRUE"
"1"," TRUE"
"1"," TRUE"
"1"," TRUE"
"1"," TRUE"
"1"," TRUE"
"1"," TRUE"
"1"," TRUE"
"1"," TRUE"
"1"," TRUE"
"1"," TRUE"
"1"," TRUE"
"1"," TRUE"
"1"," TRUE"
"1"," TRUE"
"1","
"
"1","[406]"
"1"," TRUE"
"1"," TRUE"
"1"," TRUE"
"1"," TRUE"
"1"," TRUE"
"1"," TRUE"
"1"," TRUE"
"1"," TRUE"
"1"," TRUE"
"1"," TRUE"
"1"," TRUE"
"1"," TRUE"
"1"," TRUE"
"1"," TRUE"
"1"," TRUE"
"1"," TRUE"
"1"," TRUE"
"1"," TRUE"
"1"," TRUE"
"1"," TRUE"
"1"," TRUE"
"1"," TRUE"
"1"," TRUE"
"1"," TRUE"
"1"," TRUE"
"1"," TRUE"
"1"," TRUE"
"1","
"
"1","[433]"
"1"," TRUE"
"1"," TRUE"
"1"," TRUE"
"1"," TRUE"
"1"," TRUE"
"1"," TRUE"
"1"," TRUE"
"1"," TRUE"
"1"," TRUE"
"1"," TRUE"
"1"," TRUE"
"1"," TRUE"
"1"," TRUE"
"1"," TRUE"
"1"," TRUE"
"1"," TRUE"
"1"," TRUE"
"1"," TRUE"
"1"," TRUE"
"1"," TRUE"
"1"," TRUE"
"1"," TRUE"
"1"," TRUE"
"1"," TRUE"
"1"," TRUE"
"1"," TRUE"
"1"," TRUE"
"1","
"
"1","[460]"
"1"," TRUE"
"1"," TRUE"
"1"," TRUE"
"1"," TRUE"
"1"," TRUE"
"1"," TRUE"
"1"," TRUE"
"1"," TRUE"
"1"," TRUE"
"1"," TRUE"
"1"," TRUE"
"1"," TRUE"
"1"," TRUE"
"1"," TRUE"
"1"," TRUE"
"1"," TRUE"
"1"," TRUE"
"1"," TRUE"
"1"," TRUE"
"1"," TRUE"
"1"," TRUE"
"1"," TRUE"
"1"," TRUE"
"1"," TRUE"
"1"," TRUE"
"1"," TRUE"
"1"," TRUE"
"1","
"
"1","[487]"
"1"," TRUE"
"1"," TRUE"
"1"," TRUE"
"1"," TRUE"
"1"," TRUE"
"1"," TRUE"
"1"," TRUE"
"1"," TRUE"
"1"," TRUE"
"1"," TRUE"
"1"," TRUE"
"1"," TRUE"
"1"," TRUE"
"1"," TRUE"
"1"," TRUE"
"1"," TRUE"
"1"," TRUE"
"1"," TRUE"
"1"," TRUE"
"1"," TRUE"
"1"," TRUE"
"1"," TRUE"
"1"," TRUE"
"1"," TRUE"
"1"," TRUE"
"1"," TRUE"
"1"," TRUE"
"1","
"
"1","[514]"
"1"," TRUE"
"1"," TRUE"
"1"," TRUE"
"1"," TRUE"
"1"," TRUE"
"1"," TRUE"
"1"," TRUE"
"1"," TRUE"
"1"," TRUE"
"1"," TRUE"
"1"," TRUE"
"1"," TRUE"
"1"," TRUE"
"1"," TRUE"
"1"," TRUE"
"1"," TRUE"
"1"," TRUE"
"1"," TRUE"
"1"," TRUE"
"1"," TRUE"
"1"," TRUE"
"1"," TRUE"
"1"," TRUE"
"1"," TRUE"
"1"," TRUE"
"1"," TRUE"
"1"," TRUE"
"1","
"
"1","[541]"
"1"," TRUE"
"1"," TRUE"
"1"," TRUE"
"1"," TRUE"
"1"," TRUE"
"1"," TRUE"
"1"," TRUE"
"1"," TRUE"
"1"," TRUE"
"1"," TRUE"
"1"," TRUE"
"1"," TRUE"
"1"," TRUE"
"1"," TRUE"
"1"," TRUE"
"1"," TRUE"
"1"," TRUE"
"1"," TRUE"
"1"," TRUE"
"1"," TRUE"
"1"," TRUE"
"1"," TRUE"
"1"," TRUE"
"1"," TRUE"
"1"," TRUE"
"1"," TRUE"
"1"," TRUE"
"1","
"
"1","[568]"
"1"," TRUE"
"1"," TRUE"
"1"," TRUE"
"1"," TRUE"
"1"," TRUE"
"1"," TRUE"
"1"," TRUE"
"1"," TRUE"
"1"," TRUE"
"1"," TRUE"
"1"," TRUE"
"1"," TRUE"
"1"," TRUE"
"1"," TRUE"
"1"," TRUE"
"1"," TRUE"
"1"," TRUE"
"1"," TRUE"
"1"," TRUE"
"1"," TRUE"
"1"," TRUE"
"1"," TRUE"
"1"," TRUE"
"1"," TRUE"
"1"," TRUE"
"1"," TRUE"
"1"," TRUE"
"1","
"
"1","[595]"
"1"," TRUE"
"1"," TRUE"
"1"," TRUE"
"1"," TRUE"
"1"," TRUE"
"1"," TRUE"
"1"," TRUE"
"1"," TRUE"
"1"," TRUE"
"1"," TRUE"
"1"," TRUE"
"1"," TRUE"
"1"," TRUE"
"1"," TRUE"
"1"," TRUE"
"1"," TRUE"
"1"," TRUE"
"1"," TRUE"
"1"," TRUE"
"1"," TRUE"
"1"," TRUE"
"1"," TRUE"
"1"," TRUE"
"1"," TRUE"
"1"," TRUE"
"1"," TRUE"
"1"," TRUE"
"1","
"
"1","[622]"
"1"," TRUE"
"1"," TRUE"
"1"," TRUE"
"1"," TRUE"
"1"," TRUE"
"1"," TRUE"
"1"," TRUE"
"1"," TRUE"
"1"," TRUE"
"1"," TRUE"
"1"," TRUE"
"1"," TRUE"
"1"," TRUE"
"1"," TRUE"
"1"," TRUE"
"1"," TRUE"
"1"," TRUE"
"1"," TRUE"
"1"," TRUE"
"1"," TRUE"
"1"," TRUE"
"1"," TRUE"
"1"," TRUE"
"1"," TRUE"
"1"," TRUE"
"1"," TRUE"
"1"," TRUE"
"1","
"
"1","[649]"
"1"," TRUE"
"1"," TRUE"
"1"," TRUE"
"1"," TRUE"
"1"," TRUE"
"1"," TRUE"
"1"," TRUE"
"1"," TRUE"
"1"," TRUE"
"1"," TRUE"
"1"," TRUE"
"1"," TRUE"
"1"," TRUE"
"1"," TRUE"
"1"," TRUE"
"1"," TRUE"
"1"," TRUE"
"1"," TRUE"
"1"," TRUE"
"1"," TRUE"
"1"," TRUE"
"1"," TRUE"
"1"," TRUE"
"1"," TRUE"
"1"," TRUE"
"1"," TRUE"
"1"," TRUE"
"1","
"
"1","[676]"
"1"," TRUE"
"1"," TRUE"
"1"," TRUE"
"1"," TRUE"
"1"," TRUE"
"1"," TRUE"
"1"," TRUE"
"1"," TRUE"
"1"," TRUE"
"1"," TRUE"
"1"," TRUE"
"1"," TRUE"
"1"," TRUE"
"1"," TRUE"
"1"," TRUE"
"1"," TRUE"
"1"," TRUE"
"1"," TRUE"
"1"," TRUE"
"1"," TRUE"
"1"," TRUE"
"1"," TRUE"
"1"," TRUE"
"1"," TRUE"
"1"," TRUE"
"1"," TRUE"
"1"," TRUE"
"1","
"
"1","[703]"
"1"," TRUE"
"1"," TRUE"
"1"," TRUE"
"1"," TRUE"
"1"," TRUE"
"1"," TRUE"
"1"," TRUE"
"1"," TRUE"
"1"," TRUE"
"1"," TRUE"
"1"," TRUE"
"1"," TRUE"
"1"," TRUE"
"1"," TRUE"
"1"," TRUE"
"1"," TRUE"
"1"," TRUE"
"1"," TRUE"
"1"," TRUE"
"1"," TRUE"
"1"," TRUE"
"1"," TRUE"
"1"," TRUE"
"1"," TRUE"
"1"," TRUE"
"1"," TRUE"
"1"," TRUE"
"1","
"
"1","[730]"
"1"," TRUE"
"1"," TRUE"
"1"," TRUE"
"1"," TRUE"
"1"," TRUE"
"1"," TRUE"
"1"," TRUE"
"1"," TRUE"
"1"," TRUE"
"1"," TRUE"
"1"," TRUE"
"1"," TRUE"
"1"," TRUE"
"1"," TRUE"
"1"," TRUE"
"1"," TRUE"
"1"," TRUE"
"1"," TRUE"
"1"," TRUE"
"1"," TRUE"
"1"," TRUE"
"1"," TRUE"
"1"," TRUE"
"1"," TRUE"
"1"," TRUE"
"1"," TRUE"
"1"," TRUE"
"1","
"
"1","[757]"
"1"," TRUE"
"1"," TRUE"
"1"," TRUE"
"1"," TRUE"
"1"," TRUE"
"1"," TRUE"
"1"," TRUE"
"1"," TRUE"
"1"," TRUE"
"1"," TRUE"
"1"," TRUE"
"1"," TRUE"
"1"," TRUE"
"1"," TRUE"
"1"," TRUE"
"1"," TRUE"
"1"," TRUE"
"1"," TRUE"
"1"," TRUE"
"1"," TRUE"
"1"," TRUE"
"1"," TRUE"
"1"," TRUE"
"1"," TRUE"
"1"," TRUE"
"1"," TRUE"
"1"," TRUE"
"1","
"
"1","[784]"
"1"," TRUE"
"1"," TRUE"
"1"," TRUE"
"1"," TRUE"
"1"," TRUE"
"1"," TRUE"
"1"," TRUE"
"1"," TRUE"
"1"," TRUE"
"1"," TRUE"
"1"," TRUE"
"1"," TRUE"
"1"," TRUE"
"1"," TRUE"
"1"," TRUE"
"1"," TRUE"
"1"," TRUE"
"1"," TRUE"
"1"," TRUE"
"1"," TRUE"
"1"," TRUE"
"1"," TRUE"
"1"," TRUE"
"1"," TRUE"
"1"," TRUE"
"1"," TRUE"
"1"," TRUE"
"1","
"
"1","[811]"
"1"," TRUE"
"1"," TRUE"
"1"," TRUE"
"1"," TRUE"
"1"," TRUE"
"1"," TRUE"
"1"," TRUE"
"1"," TRUE"
"1"," TRUE"
"1"," TRUE"
"1"," TRUE"
"1"," TRUE"
"1"," TRUE"
"1"," TRUE"
"1"," TRUE"
"1"," TRUE"
"1"," TRUE"
"1"," TRUE"
"1"," TRUE"
"1"," TRUE"
"1"," TRUE"
"1"," TRUE"
"1"," TRUE"
"1"," TRUE"
"1"," TRUE"
"1"," TRUE"
"1"," TRUE"
"1","
"
"1","[838]"
"1"," TRUE"
"1"," TRUE"
"1"," TRUE"
"1"," TRUE"
"1"," TRUE"
"1"," TRUE"
"1"," TRUE"
"1"," TRUE"
"1"," TRUE"
"1"," TRUE"
"1"," TRUE"
"1"," TRUE"
"1"," TRUE"
"1"," TRUE"
"1"," TRUE"
"1"," TRUE"
"1"," TRUE"
"1"," TRUE"
"1"," TRUE"
"1"," TRUE"
"1"," TRUE"
"1"," TRUE"
"1"," TRUE"
"1"," TRUE"
"1"," TRUE"
"1","
"
"0","sample_data(worle) <- meta"
"0","head(sample_data(worle))"
"1","Sample Data:        [6 samples by 10 sample variables]:"
"1","
"
